subject_id,task,n_words,reading_duration_sec,reading_speed_wpm
1145,T5,97,124.937108,46.58343780456324
1021,T1,89,73.877295,72.2820184469396
1405,T4,88,131.08036,40.280633956147206
1174,T5,97,180.800106,32.19024661412533
1929,T1,89,150.850468,35.399293557378954
1879,T5,97,254.625435,22.857103808187897
1626,T5,97,135.784062,42.862173323405216
1626,T4,88,85.040545,62.0880310680041
1082,T4,88,164.373342,32.12199700849302
1257,T4,88,46.3639,113.88170537853804
1113,T4,88,117.553605,44.91567910656589
1729,T1,89,228.003523,23.42069074081807
1169,T4,88,60.914542,86.67880979881619
1274,T5,97,129.728438,44.86294670409891
1693,T4,88,73.661427,71.67930645709592
1350,T5,97,270.08773,21.548553871736416
1591,T5,97,225.675545,25.789236489935142
1350,T4,88,150.458635,35.09270172496248
1187,T4,88,67.170056,78.60645523356419
1300,T1,89,139.979803,38.14836058884866
1109,T5,97,91.435754,63.651249597613635
1993,T4,88,132.876317,39.73620069556864
1421,T1,89,97.739374,54.63509516645769
1744,T1,89,85.74811,62.27542507933995
1095,T4,88,68.041891,77.5992542594091
1993,T1,89,92.762592,57.56630862578743
1095,T1,89,59.326746,90.00999313193412
1869,T5,97,157.506257,36.95091300404656
1016,T4,88,115.181817,45.84056874185272
1859,T5,97,427.590124,13.61116563113137
1016,T5,97,191.398976,30.407686193681617
1274,T4,88,63.51431,83.13087239710231
1040,T1,89,77.081278,69.27752287656674
1209,T5,97,150.702519,38.61912885477382
1312,T5,97,272.807607,21.33371596195996
1284,T4,88,76.805073,68.74545904018606
1145,T1,89,58.3509,91.51529796455581
1879,T1,89,157.32212,33.943097130905684
1858,T4,88,311.549856,16.947528295439174
1186,T4,88,54.115101,97.56980773259573
1040,T5,97,155.342391,37.46562649470227
1058,T5,97,95.97135,60.64309817461148
1859,T1,89,218.912723,24.393282979719732
1345,T5,97,98.739205,58.943152317258374
1377,T5,97,137.659789,42.27814122248873
1021,T5,97,159.145598,36.57028578321092
1459,T5,97,437.925064,13.289944966474904
1858,T5,97,394.361604,14.75802902962125
1693,T1,89,92.999793,57.41948264336459
1377,T1,89,63.590439,83.97488811171753
1134,T5,97,314.271918,18.518994751545062
1349,T4,88,86.8523,60.79286328629179
1033,T1,89,67.422121,79.20249201297004
1582,T5,97,269.751647,21.575401168912975
1417,T4,88,70.525961,74.86604826270997
1145,T4,88,49.075683,107.5889254562183
1073,T5,97,114.177755,50.97315146895295
1859,T4,88,271.487976,19.44837512803882
1318,T4,88,93.503735,56.46833252169017
1009,T4,88,115.073778,45.883606949969085
1187,T5,97,140.191648,41.51459864427873
1263,T1,89,69.581876,76.74412227689866
1009,T1,89,107.634425,49.61238005405799
1380,T1,89,87.128024,61.289120937713456
1314,T5,97,123.365223,47.17699087691837
1134,T4,88,98.151175,53.79456741093523
1254,T5,97,143.075555,40.67780830904343
1038,T4,88,270.552083,19.51565089225353
1913,T4,88,139.035677,37.9758642812233
1065,T4,88,96.999342,54.4333589396926
1113,T1,89,105.938634,50.40654007300113
1189,T1,89,77.581055,68.83123721377596
1582,T4,88,128.672472,41.034417991130226
1235,T1,89,69.481702,76.85476674132134
1033,T4,88,61.742537,85.51640824218157
1109,T4,88,56.095054,94.12594557801835
1996,T4,88,138.411642,38.14708014229035
1255,T5,97,138.183706,42.117845645274556
1380,T5,97,166.512792,34.95226961301568
1113,T5,97,247.142373,23.54917907986584
1693,T5,97,245.749972,23.682606970958272
1349,T1,89,88.808186,60.12959210764647
1187,T1,89,64.590332,82.67491178091481
1263,T5,97,109.642225,53.08173926605375
1398,T5,97,148.190901,39.27366633663966
1073,T1,89,64.786184,82.42498122747898
1009,T5,97,161.849768,35.95927304634752
1033,T5,97,131.252029,44.342171655113994
1314,T4,88,61.22669,86.2369009332368
1254,T1,89,83.452587,63.988429741548934
1476,T4,88,233.883005,22.575389776610745
1115,T4,88,72.465913,72.86184333315444
1257,T5,97,140.939543,41.294301628323005
1421,T4,88,135.028045,39.10298782745466
1869,T1,89,90.768068,58.83126211301534
1417,T5,97,145.387123,40.03105557016903
1459,T1,89,165.573108,32.25161419329038
1284,T1,89,69.041925,77.34430927295263
1065,T1,89,95.279415,56.04568415958474
1075,T4,88,69.741773,75.70785445904852
1274,T1,89,76.677298,69.64251661554376
1903,T5,97,514.066938,11.321482806583449
1090,T4,88,85.151919,62.00682335767442
1169,T5,97,105.978553,54.91677169813782
1398,T4,88,67.634004,78.06723966837745
1186,T1,89,76.945079,69.4001496833865
1744,T5,97,202.761858,28.703623341230184
1993,T5,97,215.765261,26.97375830115674
1996,T1,89,85.820194,62.2231173236453
1019,T4,88,84.328554,62.612244009306735
1235,T5,97,127.312352,45.71433885692411
1160,T4,88,64.37432,82.02028386474606
1729,T4,88,403.608272,13.081991540549991
1038,T1,89,176.33625,30.283052974076515
1591,T4,88,108.338357,48.736201528328515
1166,T4,88,227.45575,23.213306324416948
1263,T4,88,57.151019,92.38680416179456
1003,T4,88,61.318609,86.10762843625497
1345,T4,88,47.935716,110.1475150595435
1003,T1,89,72.977586,73.17315209631626
1322,T5,97,142.271536,40.907690769571786
1626,T1,89,94.85185,56.29832206751898
1350,T1,89,127.44857,41.89925395004432
1913,T1,89,122.457074,43.607117380576966
1459,T4,88,142.047159,37.170753974741594
1209,T1,89,87.764053,60.84495664756959
1318,T5,97,219.164721,26.555368826901663
1186,T5,97,111.430019,52.230090708321605
1255,T1,89,57.142807,93.45008200244696
1134,T1,89,108.982141,48.998853858083045
1038,T5,97,306.980674,18.958848204235814
1166,T5,97,313.404355,18.570258859357587
1869,T4,88,94.655435,55.7812660202766
1314,T1,89,68.597806,77.84505527771543
1082,T5,97,294.094025,19.789589400872735
1421,T5,97,294.24184,19.779647924985788
1189,T5,97,158.261721,36.774527429788286
1109,T1,89,52.935078,100.87828717282707
1258,T1,89,68.17791,78.32448955974156
1065,T5,97,183.683523,31.684932349647934
1058,T1,89,96.735093,55.20230388365884
1019,T1,89,60.134716,88.80061893033636
1075,T5,97,182.479402,31.89401070045155
1760,T5,97,130.512441,44.5934499072008
1284,T5,97,162.601648,35.79299516078705
1160,T5,97,111.866058,52.02650476876552
1913,T5,97,297.477513,19.56450402353606
1380,T4,88,101.25476,52.14569665663125
1169,T1,89,55.451071,96.30111562678383
1166,T1,89,125.07684,42.693755294745216
1189,T4,88,59.410543,88.87311465912708
1003,T5,97,125.829062,46.25322566578459
1090,T1,89,83.54865,63.91485679301821
1019,T5,97,143.603389,40.5282914318965
1174,T1,89,87.736295,60.86420676870388
1257,T1,89,65.102504,82.0244947874816
1744,T4,88,93.471643,56.487720024350054
1258,T4,88,73.001342,72.32743748738208
1903,T4,88,241.123116,21.89752723666693
1254,T4,88,67.725941,77.96126450277006
1115,T1,89,81.949123,65.16238129845513
1021,T4,88,87.908068,60.06274645917597
1082,T1,89,99.42314,53.70983052838604
1209,T4,88,71.321675,74.03079077994173
1405,T1,89,104.370748,51.16376094190683
1405,T5,97,218.468645,26.639978473798834
1312,T1,89,164.585139,32.44521365929642
1345,T1,89,62.450184,85.50815478782256
1476,T1,89,174.884318,30.534470220480262
1271,T4,88,67.230071,78.53628475269646
1160,T1,89,61.498512,86.83136918824964
1235,T4,88,79.192871,66.67266804861767
1760,T1,89,60.982608,87.56594995084501
1016,T1,89,103.942848,51.374386047224725
1996,T5,97,218.984827,26.577183815570933
1879,T4,88,166.797154,31.65521637137765
1903,T1,89,156.75015,34.06695304597795
1349,T5,97,210.985514,27.584832198479752
1729,T5,97,533.58069,10.907441196944365
1476,T5,97,217.651576,26.739985562980717
1571,T5,97,239.48298,24.302353344692804
1858,T1,89,192.010809,27.810934331306317
1929,T4,88,168.840975,31.272029790162016
1174,T4,88,95.511654,55.281212070728046
1271,T5,97,130.456434,44.61259457697579
1322,T1,89,87.696389,60.89190285816671
1040,T4,88,67.305992,78.44769600899724
1073,T4,88,46.035762,114.69344202448524
1258,T5,97,169.012573,34.43530795782868
1300,T5,97,369.187744,15.764336965638815
1312,T4,88,154.842214,34.09922826342434
1582,T1,89,106.502636,50.13960405637284
1929,T5,97,383.137933,15.190351825591753
1075,T1,89,69.93361,76.35813452215608
1095,T5,97,122.661051,47.44782433015351
1377,T4,88,76.785193,68.7632575202357
1300,T4,88,226.504106,23.31083569849281
1398,T1,89,77.829016,68.61194287744817
1322,T4,88,115.909849,45.55264324431999
1115,T5,97,148.951484,39.073125313743105
1090,T5,97,150.35085,38.70945857638982
1058,T4,88,51.159525,103.2065876295763
1591,T1,89,116.481529,45.84417843622228
1255,T4,88,79.437005,66.46776272594869
1571,T4,88,112.070074,47.11338015177896
1417,T1,89,79.385067,67.26705918129413
1271,T1,89,67.63402,78.95434871385731
1760,T4,88,64.610324,81.72068600058405
1318,T1,89,84.196728,63.42289215799455
1571,T1,89,106.730499,50.03255910946317
